store_nbr,city,state,total_sales
52,Manta,Manabi,2764970.280249
22,Puyo,Pastaza,4201149.891809
32,Guayaquil,Guayas,6070115.0794115
30,Guayaquil,Guayas,7538101.053962
35,Playas,Guayas,7822668.9145746
26,Guayaquil,Guayas,7929032.3199598
42,Cuenca,Azuay,9170312.6999237
21,Santo Domingo,Santo Domingo de los Tsachilas,9507988.13422
10,Quito,Pichincha,9819048.840916
29,Guayaquil,Guayas,9977453.053972
